,name,author,stars,goodreads_link,get_copy,amazon_link
1,"The Hunger Games (The Hunger Games, #1)",Suzanne Collins,4.33,https://www.goodreads.com/book/show/2767052-the-hunger-games,https://www.goodreads.com/book/2767052-the-hunger-games/get_a_copy,https://www.goodreads.com/book_link/follow/1?book_id=2767052&source=compareprices
2,"Harry Potter and the Order of the Phoenix (Harry Potter, #5)",J.K. Rowling,4.5,https://www.goodreads.com/book/show/2.Harry_Potter_and_the_Order_of_the_Phoenix,https://www.goodreads.com/book/2.Harry_Potter_and_the_Order_of_the_Phoenix/get_a_copy,https://www.goodreads.com/book_link/follow/1?book_id=2&source=compareprices
3,Pride and Prejudice,Jane Austen,4.28,https://www.goodreads.com/book/show/1885.Pride_and_Prejudice,https://www.goodreads.com/book/1885.Pride_and_Prejudice/get_a_copy,https://www.goodreads.com/book_link/follow/1?book_id=1885&source=compareprices
4,To Kill a Mockingbird,Harper Lee,4.27,https://www.goodreads.com/book/show/2657.To_Kill_a_Mockingbird,https://www.goodreads.com/book/2657.To_Kill_a_Mockingbird/get_a_copy,https://www.goodreads.com/book_link/follow/1?book_id=2657&source=compareprices
5,The Book Thief,Markus Zusak,4.39,https://www.goodreads.com/book/show/19063.The_Book_Thief,https://www.goodreads.com/book/19063.The_Book_Thief/get_a_copy,https://www.goodreads.com/book_link/follow/1?book_id=19063&source=compareprices
6,"Twilight (The Twilight Saga, #1)",Stephenie Meyer,3.64,https://www.goodreads.com/book/show/41865.Twilight,https://www.goodreads.com/book/41865.Twilight/get_a_copy,https://www.goodreads.com/book_link/follow/1?book_id=41865&source=compareprices
7,Animal Farm,George Orwell,3.98,https://www.goodreads.com/book/show/170448.Animal_Farm,https://www.goodreads.com/book/170448.Animal_Farm/get_a_copy,https://www.goodreads.com/book_link/follow/1?book_id=170448&source=compareprices
8,"The Chronicles of Narnia (Chronicles of Narnia, #1-7)",C. S. Lewis,4.27,https://www.goodreads.com/book/show/11127.The_Chronicles_of_Narnia,https://www.goodreads.com/book/11127.The_Chronicles_of_Narnia/get_a_copy,https://www.goodreads.com/book_link/follow/1?book_id=11127&source=compareprices
9,J.R.R. Tolkien 4-Book Boxed Set: The Hobbit and The Lord of the Rings,J.R.R. Tolkien,4.61,https://www.goodreads.com/book/show/30.J_R_R_Tolkien_4_Book_Boxed_Set,https://www.goodreads.com/book/30.J_R_R_Tolkien_4_Book_Boxed_Set/get_a_copy,https://www.goodreads.com/book_link/follow/1?book_id=30&source=compareprices
10,The Fault in Our Stars,John Green,4.15,https://www.goodreads.com/book/show/11870085-the-fault-in-our-stars,https://www.goodreads.com/book/11870085-the-fault-in-our-stars/get_a_copy,https://www.goodreads.com/book_link/follow/1?book_id=11870085&source=compareprices
11,Gone with the Wind,Margaret Mitchell,4.3,https://www.goodreads.com/book/show/18405.Gone_with_the_Wind,https://www.goodreads.com/book/18405.Gone_with_the_Wind/get_a_copy,https://www.goodreads.com/book_link/follow/1?book_id=18405&source=compareprices
12,The Giving Tree,Shel Silverstein,4.38,https://www.goodreads.com/book/show/370493.The_Giving_Tree,https://www.goodreads.com/book/370493.The_Giving_Tree/get_a_copy,https://www.goodreads.com/book_link/follow/1?book_id=370493&source=compareprices
13,Wuthering Heights,Emily Brontë,3.88,https://www.goodreads.com/book/show/6185.Wuthering_Heights,https://www.goodreads.com/book/6185.Wuthering_Heights/get_a_copy,https://www.goodreads.com/book_link/follow/1?book_id=6185&source=compareprices
14,The Picture of Dorian Gray,Oscar Wilde,4.12,https://www.goodreads.com/book/show/5297.The_Picture_of_Dorian_Gray,https://www.goodreads.com/book/5297.The_Picture_of_Dorian_Gray/get_a_copy,https://www.goodreads.com/book_link/follow/1?book_id=5297&source=compareprices
15,Jane Eyre,Charlotte Brontë,4.14,https://www.goodreads.com/book/show/10210.Jane_Eyre,https://www.goodreads.com/book/10210.Jane_Eyre/get_a_copy,https://www.goodreads.com/book_link/follow/1?book_id=10210&source=compareprices
16,The Perks of Being a Wallflower,Stephen Chbosky,4.22,https://www.goodreads.com/book/show/22628.The_Perks_of_Being_a_Wallflower,https://www.goodreads.com/book/22628.The_Perks_of_Being_a_Wallflower/get_a_copy,https://www.goodreads.com/book_link/follow/1?book_id=22628&source=compareprices
17,"The Da Vinci Code (Robert Langdon, #2)",Dan Brown,3.9,https://www.goodreads.com/book/show/968.The_Da_Vinci_Code,https://www.goodreads.com/book/968.The_Da_Vinci_Code/get_a_copy,https://www.goodreads.com/book_link/follow/1?book_id=968&source=compareprices
18,The Great Gatsby,F. Scott Fitzgerald,3.93,https://www.goodreads.com/book/show/4671.The_Great_Gatsby,https://www.goodreads.com/book/4671.The_Great_Gatsby/get_a_copy,https://www.goodreads.com/book_link/follow/1?book_id=4671&source=compareprices
19,Memoirs of a Geisha,Arthur Golden,4.14,https://www.goodreads.com/book/show/929.Memoirs_of_a_Geisha,https://www.goodreads.com/book/929.Memoirs_of_a_Geisha/get_a_copy,https://www.goodreads.com/book_link/follow/1?book_id=929&source=compareprices
20,Alice's Adventures in Wonderland / Through the Looking-Glass,Lewis Carroll,4.07,https://www.goodreads.com/book/show/24213.Alice_s_Adventures_in_Wonderland_Through_the_Looking_Glass,https://www.goodreads.com/book/24213.Alice_s_Adventures_in_Wonderland_Through_the_Looking_Glass/get_a_copy,https://www.goodreads.com/book_link/follow/1?book_id=24213&source=compareprices
21,The Little Prince,Antoine de Saint-Exupéry,4.32,https://www.goodreads.com/book/show/157993.The_Little_Prince,https://www.goodreads.com/book/157993.The_Little_Prince/get_a_copy,https://www.goodreads.com/book_link/follow/1?book_id=157993&source=compareprices
22,"Divergent (Divergent, #1)",Veronica Roth,4.15,https://www.goodreads.com/book/show/13335037-divergent,https://www.goodreads.com/book/13335037-divergent/get_a_copy,https://www.goodreads.com/book_link/follow/1?book_id=13335037&source=compareprices
23,Les Misérables,Victor Hugo,4.19,https://www.goodreads.com/book/show/24280.Les_Mis_rables,https://www.goodreads.com/book/24280.Les_Mis_rables/get_a_copy,https://www.goodreads.com/book_link/follow/1?book_id=24280&source=compareprices
24,Crime and Punishment,Fyodor Dostoevsky,4.25,https://www.goodreads.com/book/show/7144.Crime_and_Punishment,https://www.goodreads.com/book/7144.Crime_and_Punishment/get_a_copy,https://www.goodreads.com/book_link/follow/1?book_id=7144&source=compareprices
25,"The Lightning Thief (Percy Jackson and the Olympians, #1)",Rick Riordan,4.29,https://www.goodreads.com/book/show/28187.The_Lightning_Thief,https://www.goodreads.com/book/28187.The_Lightning_Thief/get_a_copy,https://www.goodreads.com/book_link/follow/1?book_id=28187&source=compareprices
26,Lord of the Flies,William Golding,3.69,https://www.goodreads.com/book/show/7624.Lord_of_the_Flies,https://www.goodreads.com/book/7624.Lord_of_the_Flies/get_a_copy,https://www.goodreads.com/book_link/follow/1?book_id=7624&source=compareprices
27,Romeo and Juliet,William Shakespeare,3.74,https://www.goodreads.com/book/show/18135.Romeo_and_Juliet,https://www.goodreads.com/book/18135.Romeo_and_Juliet/get_a_copy,https://www.goodreads.com/book_link/follow/1?book_id=18135&source=compareprices
28,"Anne of Green Gables (Anne of Green Gables, #1)",L.M. Montgomery,4.3,https://www.goodreads.com/book/show/8127.Anne_of_Green_Gables,https://www.goodreads.com/book/8127.Anne_of_Green_Gables/get_a_copy,https://www.goodreads.com/book_link/follow/1?book_id=8127&source=compareprices
29,"City of Bones (The Mortal Instruments, #1)",Cassandra Clare,4.08,https://www.goodreads.com/book/show/256683.City_of_Bones,https://www.goodreads.com/book/256683.City_of_Bones/get_a_copy,https://www.goodreads.com/book_link/follow/1?book_id=256683&source=compareprices
30,"The Hitchhiker's Guide to the Galaxy (The Hitchhiker's Guide to the Galaxy, #1)",Douglas Adams,4.23,https://www.goodreads.com/book/show/386162.The_Hitchhiker_s_Guide_to_the_Galaxy,https://www.goodreads.com/book/386162.The_Hitchhiker_s_Guide_to_the_Galaxy/get_a_copy,https://www.goodreads.com/book_link/follow/1?book_id=386162&source=compareprices
31,The Help,Kathryn Stockett,4.47,https://www.goodreads.com/book/show/4667024-the-help,https://www.goodreads.com/book/4667024-the-help/get_a_copy,https://www.goodreads.com/book_link/follow/1?book_id=4667024&source=compareprices
32,"Ender’s Game (Ender's Saga, #1)",Orson Scott Card,4.31,https://www.goodreads.com/book/show/375802.Ender_s_Game,https://www.goodreads.com/book/375802.Ender_s_Game/get_a_copy,https://www.goodreads.com/book_link/follow/1?book_id=375802&source=compareprices
33,Charlotte's Web,E.B. White,4.19,https://www.goodreads.com/book/show/24178.Charlotte_s_Web,https://www.goodreads.com/book/24178.Charlotte_s_Web/get_a_copy,https://www.goodreads.com/book_link/follow/1?book_id=24178&source=compareprices
34,Dracula,Bram Stoker,4.01,https://www.goodreads.com/book/show/17245.Dracula,https://www.goodreads.com/book/17245.Dracula/get_a_copy,https://www.goodreads.com/book_link/follow/1?book_id=17245&source=compareprices
35,Of Mice and Men,John Steinbeck,3.88,https://www.goodreads.com/book/show/890.Of_Mice_and_Men,https://www.goodreads.com/book/890.Of_Mice_and_Men/get_a_copy,https://www.goodreads.com/book_link/follow/1?book_id=890&source=compareprices
36,The Alchemist,Paulo Coelho,3.9,https://www.goodreads.com/book/show/18144590-the-alchemist,https://www.goodreads.com/book/18144590-the-alchemist/get_a_copy,https://www.goodreads.com/book_link/follow/1?book_id=18144590&source=compareprices
37,Brave New World,Aldous Huxley,3.99,https://www.goodreads.com/book/show/5129.Brave_New_World,https://www.goodreads.com/book/5129.Brave_New_World/get_a_copy,https://www.goodreads.com/book_link/follow/1?book_id=5129&source=compareprices
38,The Catcher in the Rye,J.D. Salinger,3.81,https://www.goodreads.com/book/show/5107.The_Catcher_in_the_Rye,https://www.goodreads.com/book/5107.The_Catcher_in_the_Rye/get_a_copy,https://www.goodreads.com/book_link/follow/1?book_id=5107&source=compareprices
39,The Time Traveler's Wife,Audrey Niffenegger,3.99,https://www.goodreads.com/book/show/18619684-the-time-traveler-s-wife,https://www.goodreads.com/book/18619684-the-time-traveler-s-wife/get_a_copy,https://www.goodreads.com/book_link/follow/1?book_id=18619684&source=compareprices
40,One Hundred Years of Solitude,Gabriel García Márquez,4.11,https://www.goodreads.com/book/show/320.One_Hundred_Years_of_Solitude,https://www.goodreads.com/book/320.One_Hundred_Years_of_Solitude/get_a_copy,https://www.goodreads.com/book_link/follow/1?book_id=320&source=compareprices
41,Fahrenheit 451,Ray Bradbury,3.97,https://www.goodreads.com/book/show/13079982-fahrenheit-451,https://www.goodreads.com/book/13079982-fahrenheit-451/get_a_copy,https://www.goodreads.com/book_link/follow/1?book_id=13079982&source=compareprices
42,A Thousand Splendid Suns,Khaled Hosseini,4.42,https://www.goodreads.com/book/show/128029.A_Thousand_Splendid_Suns,https://www.goodreads.com/book/128029.A_Thousand_Splendid_Suns/get_a_copy,https://www.goodreads.com/book_link/follow/1?book_id=128029&source=compareprices
43,The Princess Bride,William Goldman,4.26,https://www.goodreads.com/book/show/21787.The_Princess_Bride,https://www.goodreads.com/book/21787.The_Princess_Bride/get_a_copy,https://www.goodreads.com/book_link/follow/1?book_id=21787&source=compareprices
44,The Secret Garden,Frances Hodgson Burnett,4.15,https://www.goodreads.com/book/show/2998.The_Secret_Garden,https://www.goodreads.com/book/2998.The_Secret_Garden/get_a_copy,https://www.goodreads.com/book_link/follow/1?book_id=2998&source=compareprices
45,"A Game of Thrones (A Song of Ice and Fire, #1)",George R.R. Martin,4.44,https://www.goodreads.com/book/show/13496.A_Game_of_Thrones,https://www.goodreads.com/book/13496.A_Game_of_Thrones/get_a_copy,https://www.goodreads.com/book_link/follow/1?book_id=13496&source=compareprices
46,The Outsiders,S.E. Hinton,4.12,https://www.goodreads.com/book/show/231804.The_Outsiders,https://www.goodreads.com/book/231804.The_Outsiders/get_a_copy,https://www.goodreads.com/book_link/follow/1?book_id=231804&source=compareprices
47,"A Wrinkle in Time (Time Quintet, #1)",Madeleine L'Engle,3.99,https://www.goodreads.com/book/show/33574273-a-wrinkle-in-time,https://www.goodreads.com/book/33574273-a-wrinkle-in-time/get_a_copy,https://www.goodreads.com/book_link/follow/1?book_id=33574273&source=compareprices
48,The Odyssey,Homer,3.8,https://www.goodreads.com/book/show/1381.The_Odyssey,https://www.goodreads.com/book/1381.The_Odyssey/get_a_copy,https://www.goodreads.com/book_link/follow/1?book_id=1381&source=compareprices
49,The Adventures of Huckleberry Finn,Mark Twain,3.83,https://www.goodreads.com/book/show/2956.The_Adventures_of_Huckleberry_Finn,https://www.goodreads.com/book/2956.The_Adventures_of_Huckleberry_Finn/get_a_copy,https://www.goodreads.com/book_link/follow/1?book_id=2956&source=compareprices
50,The Lovely Bones,Alice Sebold,3.84,https://www.goodreads.com/book/show/12232938-the-lovely-bones,https://www.goodreads.com/book/12232938-the-lovely-bones/get_a_copy,https://www.goodreads.com/book_link/follow/1?book_id=12232938&source=compareprices
51,Where the Wild Things Are,Maurice Sendak,4.23,https://www.goodreads.com/book/show/19543.Where_the_Wild_Things_Are,https://www.goodreads.com/book/19543.Where_the_Wild_Things_Are/get_a_copy,https://www.goodreads.com/book_link/follow/1?book_id=19543&source=compareprices
52,The Kite Runner,Khaled Hosseini,4.33,https://www.goodreads.com/book/show/77203.The_Kite_Runner,https://www.goodreads.com/book/77203.The_Kite_Runner/get_a_copy,https://www.goodreads.com/book_link/follow/1?book_id=77203&source=compareprices
53,Green Eggs and Ham,Dr. Seuss,4.3,https://www.goodreads.com/book/show/23772.Green_Eggs_and_Ham,https://www.goodreads.com/book/23772.Green_Eggs_and_Ham/get_a_copy,https://www.goodreads.com/book_link/follow/1?book_id=23772&source=compareprices
54,Little Women,Louisa May Alcott,4.13,https://www.goodreads.com/book/show/1934.Little_Women,https://www.goodreads.com/book/1934.Little_Women/get_a_copy,https://www.goodreads.com/book_link/follow/1?book_id=1934&source=compareprices
55,1984,George Orwell,4.19,https://www.goodreads.com/book/show/40961427-1984,https://www.goodreads.com/book/40961427-1984/get_a_copy,https://www.goodreads.com/book_link/follow/1?book_id=40961427&source=compareprices
56,Life of Pi,Yann Martel,3.93,https://www.goodreads.com/book/show/4214.Life_of_Pi,https://www.goodreads.com/book/4214.Life_of_Pi/get_a_copy,https://www.goodreads.com/book_link/follow/1?book_id=4214&source=compareprices
57,Frankenstein: The 1818 Text,Mary Wollstonecraft Shelley,3.85,https://www.goodreads.com/book/show/35031085-frankenstein,https://www.goodreads.com/book/35031085-frankenstein/get_a_copy,https://www.goodreads.com/book_link/follow/1?book_id=35031085&source=compareprices
58,A Tale of Two Cities,Charles Dickens,3.86,https://www.goodreads.com/book/show/1953.A_Tale_of_Two_Cities,https://www.goodreads.com/book/1953.A_Tale_of_Two_Cities/get_a_copy,https://www.goodreads.com/book_link/follow/1?book_id=1953&source=compareprices
59,"The Handmaid’s Tale (The Handmaid's Tale, #1)",Margaret Atwood,4.13,https://www.goodreads.com/book/show/38447.The_Handmaid_s_Tale,https://www.goodreads.com/book/38447.The_Handmaid_s_Tale/get_a_copy,https://www.goodreads.com/book_link/follow/1?book_id=38447&source=compareprices
60,"The Giver (The Giver, #1)",Lois Lowry,4.13,https://www.goodreads.com/book/show/3636.The_Giver,https://www.goodreads.com/book/3636.The_Giver/get_a_copy,https://www.goodreads.com/book_link/follow/1?book_id=3636&source=compareprices
61,"Harry Potter and the Deathly Hallows (Harry Potter, #7)",J.K. Rowling,4.62,https://www.goodreads.com/book/show/136251.Harry_Potter_and_the_Deathly_Hallows,https://www.goodreads.com/book/136251.Harry_Potter_and_the_Deathly_Hallows/get_a_copy,https://www.goodreads.com/book_link/follow/1?book_id=136251&source=compareprices
62,Lolita,Vladimir Nabokov,3.88,https://www.goodreads.com/book/show/7604.Lolita,https://www.goodreads.com/book/7604.Lolita/get_a_copy,https://www.goodreads.com/book_link/follow/1?book_id=7604&source=compareprices
63,"Harry Potter and the Philosopher’s Stone (Harry Potter, #1)",J.K. Rowling,4.47,https://www.goodreads.com/book/show/72193.Harry_Potter_and_the_Philosopher_s_Stone,https://www.goodreads.com/book/72193.Harry_Potter_and_the_Philosopher_s_Stone/get_a_copy,https://www.goodreads.com/book_link/follow/1?book_id=72193&source=compareprices
64,Water for Elephants,Sara Gruen,4.1,https://www.goodreads.com/book/show/43641.Water_for_Elephants,https://www.goodreads.com/book/43641.Water_for_Elephants/get_a_copy,https://www.goodreads.com/book_link/follow/1?book_id=43641&source=compareprices
65,Slaughterhouse-Five,Kurt Vonnegut Jr.,4.09,https://www.goodreads.com/book/show/4981.Slaughterhouse_Five,https://www.goodreads.com/book/4981.Slaughterhouse_Five/get_a_copy,https://www.goodreads.com/book_link/follow/1?book_id=4981&source=compareprices
66,"Harry Potter and the Sorcerer's Stone (Harry Potter, #1)",J.K. Rowling,4.47,https://www.goodreads.com/book/show/3.Harry_Potter_and_the_Sorcerer_s_Stone,https://www.goodreads.com/book/3.Harry_Potter_and_the_Sorcerer_s_Stone/get_a_copy,https://www.goodreads.com/book_link/follow/1?book_id=3&source=compareprices
67,"Dune (Dune, #1)",Frank Herbert,4.26,https://www.goodreads.com/book/show/44767458-dune,https://www.goodreads.com/book/44767458-dune/get_a_copy,https://www.goodreads.com/book_link/follow/1?book_id=44767458&source=compareprices
68,The Stand,Stephen King,4.34,https://www.goodreads.com/book/show/149267.The_Stand,https://www.goodreads.com/book/149267.The_Stand/get_a_copy,https://www.goodreads.com/book_link/follow/1?book_id=149267&source=compareprices
69,Catch-22,Joseph Heller,3.99,https://www.goodreads.com/book/show/168668.Catch_22,https://www.goodreads.com/book/168668.Catch_22/get_a_copy,https://www.goodreads.com/book_link/follow/1?book_id=168668&source=compareprices
70,The Bell Jar,Sylvia Plath,4.04,https://www.goodreads.com/book/show/6514.The_Bell_Jar,https://www.goodreads.com/book/6514.The_Bell_Jar/get_a_copy,https://www.goodreads.com/book_link/follow/1?book_id=6514&source=compareprices
71,Matilda,Roald Dahl,4.33,https://www.goodreads.com/book/show/39988.Matilda,https://www.goodreads.com/book/39988.Matilda/get_a_copy,https://www.goodreads.com/book_link/follow/1?book_id=39988&source=compareprices
72,"Harry Potter and the Prisoner of Azkaban (Harry Potter, #3)",J.K. Rowling,4.58,https://www.goodreads.com/book/show/5.Harry_Potter_and_the_Prisoner_of_Azkaban,https://www.goodreads.com/book/5.Harry_Potter_and_the_Prisoner_of_Azkaban/get_a_copy,https://www.goodreads.com/book_link/follow/1?book_id=5&source=compareprices
73,"The Pillars of the Earth (Kingsbridge, #1)",Ken Follett,4.33,https://www.goodreads.com/book/show/5043.The_Pillars_of_the_Earth,https://www.goodreads.com/book/5043.The_Pillars_of_the_Earth/get_a_copy,https://www.goodreads.com/book_link/follow/1?book_id=5043&source=compareprices
74,"The Adventures of Sherlock Holmes (Sherlock Holmes, #3)",Arthur Conan Doyle,4.3,https://www.goodreads.com/book/show/3590.The_Adventures_of_Sherlock_Holmes,https://www.goodreads.com/book/3590.The_Adventures_of_Sherlock_Holmes/get_a_copy,https://www.goodreads.com/book_link/follow/1?book_id=3590&source=compareprices
75,"Watership Down (Watership Down, #1)",Richard  Adams,4.08,https://www.goodreads.com/book/show/76620.Watership_Down,https://www.goodreads.com/book/76620.Watership_Down/get_a_copy,none
76,Great Expectations,Charles Dickens,3.79,https://www.goodreads.com/book/show/2623.Great_Expectations,https://www.goodreads.com/book/2623.Great_Expectations/get_a_copy,https://www.goodreads.com/book_link/follow/1?book_id=2623&source=compareprices
77,Rebecca,Daphne du Maurier,4.24,https://www.goodreads.com/book/show/17899948-rebecca,https://www.goodreads.com/book/17899948-rebecca/get_a_copy,https://www.goodreads.com/book_link/follow/1?book_id=17899948&source=compareprices
78,"Outlander (Outlander, #1)",Diana Gabaldon,4.25,https://www.goodreads.com/book/show/10964.Outlander,https://www.goodreads.com/book/10964.Outlander/get_a_copy,https://www.goodreads.com/book_link/follow/1?book_id=10964&source=compareprices
79,"The Girl with the Dragon Tattoo (Millennium, #1)",Stieg Larsson,4.16,https://www.goodreads.com/book/show/2429135.The_Girl_with_the_Dragon_Tattoo,https://www.goodreads.com/book/2429135.The_Girl_with_the_Dragon_Tattoo/get_a_copy,https://www.goodreads.com/book_link/follow/1?book_id=2429135&source=compareprices
80,"The Fellowship of the Ring (The Lord of the Rings, #1)",J.R.R. Tolkien,4.38,https://www.goodreads.com/book/show/61215351-the-fellowship-of-the-ring,https://www.goodreads.com/book/61215351-the-fellowship-of-the-ring/get_a_copy,https://www.goodreads.com/book_link/follow/1?book_id=61215351&source=compareprices
81,One Flew Over the Cuckoo's Nest,Ken Kesey,4.2,https://www.goodreads.com/book/show/332613.One_Flew_Over_the_Cuckoo_s_Nest,https://www.goodreads.com/book/332613.One_Flew_Over_the_Cuckoo_s_Nest/get_a_copy,https://www.goodreads.com/book_link/follow/1?book_id=332613&source=compareprices
82,The Color Purple,Alice Walker,4.25,https://www.goodreads.com/book/show/52892857-the-color-purple,https://www.goodreads.com/book/52892857-the-color-purple/get_a_copy,https://www.goodreads.com/book_link/follow/1?book_id=52892857&source=compareprices
83,My Sister's Keeper,Jodi Picoult,4.09,https://www.goodreads.com/book/show/10917.My_Sister_s_Keeper,https://www.goodreads.com/book/10917.My_Sister_s_Keeper/get_a_copy,https://www.goodreads.com/book_link/follow/1?book_id=10917&source=compareprices
84,Anna Karenina,Leo Tolstoy,4.08,https://www.goodreads.com/book/show/15823480-anna-karenina,https://www.goodreads.com/book/15823480-anna-karenina/get_a_copy,https://www.goodreads.com/book_link/follow/1?book_id=15823480&source=compareprices
85,The Brothers Karamazov,Fyodor Dostoevsky,4.35,https://www.goodreads.com/book/show/4934.The_Brothers_Karamazov,https://www.goodreads.com/book/4934.The_Brothers_Karamazov/get_a_copy,https://www.goodreads.com/book_link/follow/1?book_id=4934&source=compareprices
86,A Tree Grows in Brooklyn,Betty  Smith,4.29,https://www.goodreads.com/book/show/14891.A_Tree_Grows_in_Brooklyn,https://www.goodreads.com/book/14891.A_Tree_Grows_in_Brooklyn/get_a_copy,https://www.goodreads.com/book_link/follow/1?book_id=14891&source=compareprices
87,A Clockwork Orange,Anthony Burgess,4.0,https://www.goodreads.com/book/show/41817486-a-clockwork-orange,https://www.goodreads.com/book/41817486-a-clockwork-orange/get_a_copy,https://www.goodreads.com/book_link/follow/1?book_id=41817486&source=compareprices
88,The Road,Cormac McCarthy,3.98,https://www.goodreads.com/book/show/6288.The_Road,https://www.goodreads.com/book/6288.The_Road/get_a_copy,https://www.goodreads.com/book_link/follow/1?book_id=6288&source=compareprices
89,"Angela's Ashes (Frank McCourt, #1)",Frank McCourt,4.14,https://www.goodreads.com/book/show/252577.Angela_s_Ashes,https://www.goodreads.com/book/252577.Angela_s_Ashes/get_a_copy,https://www.goodreads.com/book_link/follow/1?book_id=252577&source=compareprices
90,"Vampire Academy (Vampire Academy, #1)",Richelle Mead,4.11,https://www.goodreads.com/book/show/345627.Vampire_Academy,https://www.goodreads.com/book/345627.Vampire_Academy/get_a_copy,https://www.goodreads.com/book_link/follow/1?book_id=345627&source=compareprices
91,Siddhartha,Hermann Hesse,4.06,https://www.goodreads.com/book/show/52036.Siddhartha,https://www.goodreads.com/book/52036.Siddhartha/get_a_copy,https://www.goodreads.com/book_link/follow/1?book_id=52036&source=compareprices
92,"The Golden Compass (His Dark Materials, #1)",Philip Pullman,4.01,https://www.goodreads.com/book/show/119322.The_Golden_Compass,https://www.goodreads.com/book/119322.The_Golden_Compass/get_a_copy,https://www.goodreads.com/book_link/follow/1?book_id=119322&source=compareprices
93,The Poisonwood Bible,Barbara Kingsolver,4.08,https://www.goodreads.com/book/show/7244.The_Poisonwood_Bible,https://www.goodreads.com/book/7244.The_Poisonwood_Bible/get_a_copy,https://www.goodreads.com/book_link/follow/1?book_id=7244&source=compareprices
94,It,Stephen King,4.25,https://www.goodreads.com/book/show/830502.It,https://www.goodreads.com/book/830502.It/get_a_copy,https://www.goodreads.com/book_link/follow/1?book_id=830502&source=compareprices
95,And Then There Were None,Agatha Christie,4.28,https://www.goodreads.com/book/show/16299.And_Then_There_Were_None,https://www.goodreads.com/book/16299.And_Then_There_Were_None/get_a_copy,https://www.goodreads.com/book_link/follow/1?book_id=16299&source=compareprices
96,The Shining,Stephen King,4.26,https://www.goodreads.com/book/show/11588.The_Shining,https://www.goodreads.com/book/11588.The_Shining/get_a_copy,https://www.goodreads.com/book_link/follow/1?book_id=11588&source=compareprices
97,The Complete Stories and Poems,Edgar Allan Poe,4.38,https://www.goodreads.com/book/show/23919.The_Complete_Stories_and_Poems,https://www.goodreads.com/book/23919.The_Complete_Stories_and_Poems/get_a_copy,https://www.goodreads.com/book_link/follow/1?book_id=23919&source=compareprices
98,"Interview with the Vampire (The Vampire Chronicles, #1)",Anne Rice,4.01,https://www.goodreads.com/book/show/43763.Interview_with_the_Vampire,https://www.goodreads.com/book/43763.Interview_with_the_Vampire/get_a_copy,https://www.goodreads.com/book_link/follow/1?book_id=43763&source=compareprices
99,To Kill a Mockingbird,Harper Lee,4.27,https://www.goodreads.com/book/show/2654.To_Kill_a_Mockingbird,https://www.goodreads.com/book/2654.To_Kill_a_Mockingbird/get_a_copy,https://www.goodreads.com/book_link/follow/1?book_id=2654&source=compareprices
100,Don Quixote,Miguel de Cervantes Saavedra,3.89,https://www.goodreads.com/book/show/3836.Don_Quixote,https://www.goodreads.com/book/3836.Don_Quixote/get_a_copy,https://www.goodreads.com/book_link/follow/1?book_id=3836&source=compareprices
101,The Old Man and the Sea,Ernest Hemingway,3.8,https://www.goodreads.com/book/show/2165.The_Old_Man_and_the_Sea,https://www.goodreads.com/book/2165.The_Old_Man_and_the_Sea/get_a_copy,https://www.goodreads.com/book_link/follow/1?book_id=2165&source=compareprices
102,Atlas Shrugged,Ayn Rand,3.69,https://www.goodreads.com/book/show/662.Atlas_Shrugged,https://www.goodreads.com/book/662.Atlas_Shrugged/get_a_copy,https://www.goodreads.com/book_link/follow/1?book_id=662&source=compareprices
103,"The Notebook (The Notebook, #1)",Nicholas Sparks,4.14,https://www.goodreads.com/book/show/33648131-the-notebook,https://www.goodreads.com/book/33648131-the-notebook/get_a_copy,https://www.goodreads.com/book_link/follow/1?book_id=33648131&source=compareprices
104,"Winnie-the-Pooh (Winnie-the-Pooh, #1)",A.A. Milne,4.35,https://www.goodreads.com/book/show/99107.Winnie_the_Pooh,https://www.goodreads.com/book/99107.Winnie_the_Pooh/get_a_copy,https://www.goodreads.com/book_link/follow/1?book_id=99107&source=compareprices
105,"Harry Potter and the Goblet of Fire (Harry Potter, #4)",J.K. Rowling,4.56,https://www.goodreads.com/book/show/6.Harry_Potter_and_the_Goblet_of_Fire,https://www.goodreads.com/book/6.Harry_Potter_and_the_Goblet_of_Fire/get_a_copy,https://www.goodreads.com/book_link/follow/1?book_id=6&source=compareprices
106,Fahrenheit 451,Ray Bradbury,3.97,https://www.goodreads.com/book/show/4381.Fahrenheit_451,https://www.goodreads.com/book/4381.Fahrenheit_451/get_a_copy,https://www.goodreads.com/book_link/follow/1?book_id=4381&source=compareprices
107,A Prayer for Owen Meany,John Irving,4.24,https://www.goodreads.com/book/show/4473.A_Prayer_for_Owen_Meany,https://www.goodreads.com/book/4473.A_Prayer_for_Owen_Meany/get_a_copy,https://www.goodreads.com/book_link/follow/1?book_id=4473&source=compareprices
108,"Moby-Dick or, the Whale",Herman Melville,3.53,https://www.goodreads.com/book/show/153747.Moby_Dick_or_the_Whale,https://www.goodreads.com/book/153747.Moby_Dick_or_the_Whale/get_a_copy,https://www.goodreads.com/book_link/follow/1?book_id=153747&source=compareprices
109,"Harry Potter and the Half-Blood Prince (Harry Potter, #6)",J.K. Rowling,4.58,https://www.goodreads.com/book/show/1.Harry_Potter_and_the_Half_Blood_Prince,https://www.goodreads.com/book/1.Harry_Potter_and_the_Half_Blood_Prince/get_a_copy,https://www.goodreads.com/book_link/follow/1?book_id=1&source=compareprices
110,"Clockwork Angel (The Infernal Devices, #1)",Cassandra Clare,4.32,https://www.goodreads.com/book/show/7171637-clockwork-angel,https://www.goodreads.com/book/7171637-clockwork-angel/get_a_copy,https://www.goodreads.com/book_link/follow/1?book_id=7171637&source=compareprices
111,The Secret Life of Bees,Sue Monk Kidd,4.08,https://www.goodreads.com/book/show/37435.The_Secret_Life_of_Bees,https://www.goodreads.com/book/37435.The_Secret_Life_of_Bees/get_a_copy,https://www.goodreads.com/book_link/follow/1?book_id=37435&source=compareprices
112,The Red Tent,Anita Diamant,4.19,https://www.goodreads.com/book/show/4989.The_Red_Tent,https://www.goodreads.com/book/4989.The_Red_Tent/get_a_copy,https://www.goodreads.com/book_link/follow/1?book_id=4989&source=compareprices
113,The Stranger,Albert Camus,4.01,https://www.goodreads.com/book/show/49552.The_Stranger,https://www.goodreads.com/book/49552.The_Stranger/get_a_copy,https://www.goodreads.com/book_link/follow/1?book_id=49552&source=compareprices
114,"The Name of the Wind (The Kingkiller Chronicle, #1)",Patrick Rothfuss,4.52,https://www.goodreads.com/book/show/186074.The_Name_of_the_Wind,https://www.goodreads.com/book/186074.The_Name_of_the_Wind/get_a_copy,https://www.goodreads.com/book_link/follow/1?book_id=186074&source=compareprices
115,The Master and Margarita,Mikhail Bulgakov,4.3,https://www.goodreads.com/book/show/117833.The_Master_and_Margarita,https://www.goodreads.com/book/117833.The_Master_and_Margarita/get_a_copy,https://www.goodreads.com/book_link/follow/1?book_id=117833&source=compareprices
116,"Harry Potter and the Chamber of Secrets (Harry Potter, #2)",J.K. Rowling,4.43,https://www.goodreads.com/book/show/15881.Harry_Potter_and_the_Chamber_of_Secrets,https://www.goodreads.com/book/15881.Harry_Potter_and_the_Chamber_of_Secrets/get_a_copy,https://www.goodreads.com/book_link/follow/1?book_id=15881&source=compareprices
117,Flowers for Algernon,Daniel Keyes,4.18,https://www.goodreads.com/book/show/36576608-flowers-for-algernon,https://www.goodreads.com/book/36576608-flowers-for-algernon/get_a_copy,https://www.goodreads.com/book_link/follow/1?book_id=36576608&source=compareprices
118,Middlesex,Jeffrey Eugenides,4.02,https://www.goodreads.com/book/show/2187.Middlesex,https://www.goodreads.com/book/2187.Middlesex/get_a_copy,https://www.goodreads.com/book_link/follow/1?book_id=2187&source=compareprices
119,The Metamorphosis,Franz Kafka,3.84,https://www.goodreads.com/book/show/485894.The_Metamorphosis,https://www.goodreads.com/book/485894.The_Metamorphosis/get_a_copy,https://www.goodreads.com/book_link/follow/1?book_id=485894&source=compareprices
120,"Eragon (The Inheritance Cycle, #1)",Christopher Paolini,3.93,https://www.goodreads.com/book/show/113436.Eragon,https://www.goodreads.com/book/113436.Eragon/get_a_copy,https://www.goodreads.com/book_link/follow/1?book_id=113436&source=compareprices
121,The Adventures of Tom Sawyer,Mark Twain,3.92,https://www.goodreads.com/book/show/24583.The_Adventures_of_Tom_Sawyer,https://www.goodreads.com/book/24583.The_Adventures_of_Tom_Sawyer/get_a_copy,https://www.goodreads.com/book_link/follow/1?book_id=24583&source=compareprices
122,The Alchemist,Paulo Coelho,3.9,https://www.goodreads.com/book/show/865.The_Alchemist,https://www.goodreads.com/book/865.The_Alchemist/get_a_copy,https://www.goodreads.com/book_link/follow/1?book_id=865&source=compareprices
123,"Charlie and the Chocolate Factory (Charlie Bucket, #1)",Roald Dahl,4.15,https://www.goodreads.com/book/show/6310.Charlie_and_the_Chocolate_Factory,https://www.goodreads.com/book/6310.Charlie_and_the_Chocolate_Factory/get_a_copy,https://www.goodreads.com/book_link/follow/1?book_id=6310&source=compareprices
124,Looking for Alaska,John Green,3.98,https://www.goodreads.com/book/show/99561.Looking_for_Alaska,https://www.goodreads.com/book/99561.Looking_for_Alaska/get_a_copy,https://www.goodreads.com/book_link/follow/1?book_id=99561&source=compareprices
125,The Curious Incident of the Dog in the Night-Time,Mark Haddon,3.89,https://www.goodreads.com/book/show/1618.The_Curious_Incident_of_the_Dog_in_the_Night_Time,https://www.goodreads.com/book/1618.The_Curious_Incident_of_the_Dog_in_the_Night_Time/get_a_copy,https://www.goodreads.com/book_link/follow/1?book_id=1618&source=compareprices
126,The Very Hungry Caterpillar,Eric Carle,4.31,https://www.goodreads.com/book/show/4948.The_Very_Hungry_Caterpillar,https://www.goodreads.com/book/4948.The_Very_Hungry_Caterpillar/get_a_copy,https://www.goodreads.com/book_link/follow/1?book_id=4948&source=compareprices
127,"The Hobbit (The Lord of the Rings, #0)",J.R.R. Tolkien,4.28,https://www.goodreads.com/book/show/5907.The_Hobbit,https://www.goodreads.com/book/5907.The_Hobbit/get_a_copy,https://www.goodreads.com/book_link/follow/1?book_id=5907&source=compareprices
128,"The Shadow of the Wind (The Cemetery of Forgotten Books, #1)",Carlos Ruiz Zafón,4.29,https://www.goodreads.com/book/show/1232.The_Shadow_of_the_Wind,https://www.goodreads.com/book/1232.The_Shadow_of_the_Wind/get_a_copy,https://www.goodreads.com/book_link/follow/1?book_id=1232&source=compareprices
129,On the Road,Jack Kerouac,3.62,https://www.goodreads.com/book/show/70401.On_the_Road,https://www.goodreads.com/book/70401.On_the_Road/get_a_copy,https://www.goodreads.com/book_link/follow/1?book_id=70401&source=compareprices
130,Tuesdays with Morrie,Mitch Albom,4.15,https://www.goodreads.com/book/show/6900.Tuesdays_with_Morrie,https://www.goodreads.com/book/6900.Tuesdays_with_Morrie/get_a_copy,https://www.goodreads.com/book_link/follow/1?book_id=6900&source=compareprices
131,"The Last Olympian (Percy Jackson and the Olympians, #5)",Rick Riordan,4.53,https://www.goodreads.com/book/show/4556058-the-last-olympian,https://www.goodreads.com/book/4556058-the-last-olympian/get_a_copy,https://www.goodreads.com/book_link/follow/1?book_id=4556058&source=compareprices
132,The Unbearable Lightness of Being,Milan Kundera,4.11,https://www.goodreads.com/book/show/9717.The_Unbearable_Lightness_of_Being,https://www.goodreads.com/book/9717.The_Unbearable_Lightness_of_Being/get_a_copy,https://www.goodreads.com/book_link/follow/1?book_id=9717&source=compareprices
133,The Name of the Rose,Umberto Eco,4.13,https://www.goodreads.com/book/show/119073.The_Name_of_the_Rose,https://www.goodreads.com/book/119073.The_Name_of_the_Rose/get_a_copy,https://www.goodreads.com/book_link/follow/1?book_id=119073&source=compareprices
134,The Count of Monte Cristo,Alexandre Dumas,4.28,https://www.goodreads.com/book/show/7126.The_Count_of_Monte_Cristo,https://www.goodreads.com/book/7126.The_Count_of_Monte_Cristo/get_a_copy,https://www.goodreads.com/book_link/follow/1?book_id=7126&source=compareprices
135,"The Lion, the Witch and the Wardrobe (Chronicles of Narnia, #1)",C.S. Lewis,4.23,https://www.goodreads.com/book/show/100915.The_Lion_the_Witch_and_the_Wardrobe,https://www.goodreads.com/book/100915.The_Lion_the_Witch_and_the_Wardrobe/get_a_copy,https://www.goodreads.com/book_link/follow/1?book_id=100915&source=compareprices
136,"The Godfather (The Godfather, #1)",Mario Puzo,4.38,https://www.goodreads.com/book/show/22034.The_Godfather,https://www.goodreads.com/book/22034.The_Godfather/get_a_copy,https://www.goodreads.com/book_link/follow/1?book_id=22034&source=compareprices
137,Where the Red Fern Grows,Wilson Rawls,4.1,https://www.goodreads.com/book/show/10365.Where_the_Red_Fern_Grows,https://www.goodreads.com/book/10365.Where_the_Red_Fern_Grows/get_a_copy,https://www.goodreads.com/book_link/follow/1?book_id=10365&source=compareprices
138,In Cold Blood,Truman Capote,4.08,https://www.goodreads.com/book/show/168642.In_Cold_Blood,https://www.goodreads.com/book/168642.In_Cold_Blood/get_a_copy,https://www.goodreads.com/book_link/follow/1?book_id=168642&source=compareprices
139,The Scarlet Letter,Nathaniel Hawthorne,3.43,https://www.goodreads.com/book/show/12296.The_Scarlet_Letter,https://www.goodreads.com/book/12296.The_Scarlet_Letter/get_a_copy,https://www.goodreads.com/book_link/follow/1?book_id=12296&source=compareprices
140,"Holes (Holes, #1)",Louis Sachar,3.99,https://www.goodreads.com/book/show/38709.Holes,https://www.goodreads.com/book/38709.Holes/get_a_copy,https://www.goodreads.com/book_link/follow/1?book_id=38709&source=compareprices
141,Fight Club,Chuck Palahniuk,4.19,https://www.goodreads.com/book/show/36236124-fight-club,https://www.goodreads.com/book/36236124-fight-club/get_a_copy,https://www.goodreads.com/book_link/follow/1?book_id=36236124&source=compareprices
142,The Five People You Meet in Heaven,Mitch Albom,3.97,https://www.goodreads.com/book/show/3431.The_Five_People_You_Meet_in_Heaven,https://www.goodreads.com/book/3431.The_Five_People_You_Meet_in_Heaven/get_a_copy,https://www.goodreads.com/book_link/follow/1?book_id=3431&source=compareprices
143,Perfume: The Story of a Murderer,Patrick Süskind,4.04,https://www.goodreads.com/book/show/343.Perfume,https://www.goodreads.com/book/343.Perfume/get_a_copy,https://www.goodreads.com/book_link/follow/1?book_id=343&source=compareprices
144,"American Gods (American Gods, #1)",Neil Gaiman,4.11,https://www.goodreads.com/book/show/30165203-american-gods,https://www.goodreads.com/book/30165203-american-gods/get_a_copy,none
145,"The Cat in the Hat (The Cat in the Hat, #1)",Dr. Seuss,4.18,https://www.goodreads.com/book/show/233093.The_Cat_in_the_Hat,https://www.goodreads.com/book/233093.The_Cat_in_the_Hat/get_a_copy,https://www.goodreads.com/book_link/follow/1?book_id=233093&source=compareprices
146,"Hush, Hush (Hush, Hush, #1)",Becca Fitzpatrick,3.93,https://www.goodreads.com/book/show/6339664-hush-hush,https://www.goodreads.com/book/6339664-hush-hush/get_a_copy,https://www.goodreads.com/book_link/follow/1?book_id=6339664&source=compareprices
147,Watchmen,Alan Moore,4.37,https://www.goodreads.com/book/show/472331.Watchmen,https://www.goodreads.com/book/472331.Watchmen/get_a_copy,https://www.goodreads.com/book_link/follow/1?book_id=472331&source=compareprices
148,The Divine Comedy,Dante Alighieri,4.07,https://www.goodreads.com/book/show/6656.The_Divine_Comedy,https://www.goodreads.com/book/6656.The_Divine_Comedy/get_a_copy,https://www.goodreads.com/book_link/follow/1?book_id=6656&source=compareprices
149,"Lonesome Dove (Lonesome Dove, #1)",Larry McMurtry,4.51,https://www.goodreads.com/book/show/256008.Lonesome_Dove,https://www.goodreads.com/book/256008.Lonesome_Dove/get_a_copy,https://www.goodreads.com/book_link/follow/1?book_id=256008&source=compareprices
150,"The Little House Collection (Little House, #1-9)",Laura Ingalls Wilder,4.35,https://www.goodreads.com/book/show/114345.The_Little_House_Collection,https://www.goodreads.com/book/114345.The_Little_House_Collection/get_a_copy,https://www.goodreads.com/book_link/follow/1?book_id=114345&source=compareprices
151,All Quiet on the Western Front,Erich Maria Remarque,4.04,https://www.goodreads.com/book/show/355697.All_Quiet_on_the_Western_Front,https://www.goodreads.com/book/355697.All_Quiet_on_the_Western_Front/get_a_copy,https://www.goodreads.com/book_link/follow/1?book_id=355697&source=compareprices
152,Peter Pan,J.M. Barrie,4.04,https://www.goodreads.com/book/show/34268.Peter_Pan,https://www.goodreads.com/book/34268.Peter_Pan/get_a_copy,https://www.goodreads.com/book_link/follow/1?book_id=34268&source=compareprices
153,The Addiction Manifesto,Jerry Weaver,4.88,https://www.goodreads.com/book/show/58572970-the-addiction-manifesto,https://www.goodreads.com/book/58572970-the-addiction-manifesto/get_a_copy,https://www.goodreads.com/book_link/follow/1?book_id=58572970&source=compareprices
154,"Good Omens: The Nice and Accurate Prophecies of Agnes Nutter, Witch",Terry Pratchett,4.25,https://www.goodreads.com/book/show/12067.Good_Omens,https://www.goodreads.com/book/12067.Good_Omens/get_a_copy,https://www.goodreads.com/book_link/follow/1?book_id=12067&source=compareprices
155,Love in the Time of Cholera,Gabriel García Márquez,3.93,https://www.goodreads.com/book/show/9712.Love_in_the_Time_of_Cholera,https://www.goodreads.com/book/9712.Love_in_the_Time_of_Cholera/get_a_copy,https://www.goodreads.com/book_link/follow/1?book_id=9712&source=compareprices
156,"Insurgent (Divergent, #2)",Veronica Roth,3.99,https://www.goodreads.com/book/show/11735983-insurgent,https://www.goodreads.com/book/11735983-insurgent/get_a_copy,https://www.goodreads.com/book_link/follow/1?book_id=11735983&source=compareprices
157,A Walk to Remember,Nicholas Sparks,4.19,https://www.goodreads.com/book/show/35545737-a-walk-to-remember,https://www.goodreads.com/book/35545737-a-walk-to-remember/get_a_copy,https://www.goodreads.com/book_link/follow/1?book_id=35545737&source=compareprices
158,The Thorn Birds,Colleen McCullough,4.24,https://www.goodreads.com/book/show/3412.The_Thorn_Birds,https://www.goodreads.com/book/3412.The_Thorn_Birds/get_a_copy,https://www.goodreads.com/book_link/follow/1?book_id=3412&source=compareprices
159,The Compleat Works of Wllm Shkspr,Adam Long,4.46,https://www.goodreads.com/book/show/1423.The_Compleat_Works_of_Wllm_Shkspr,https://www.goodreads.com/book/1423.The_Compleat_Works_of_Wllm_Shkspr/get_a_copy,https://www.goodreads.com/book_link/follow/1?book_id=1423&source=compareprices
160,"Shadow Kiss (Vampire Academy, #3)",Richelle Mead,4.34,https://www.goodreads.com/book/show/2802316-shadow-kiss,https://www.goodreads.com/book/2802316-shadow-kiss/get_a_copy,https://www.goodreads.com/book_link/follow/1?book_id=2802316&source=compareprices
161,"The Battle of the Labyrinth (Percy Jackson and the Olympians, #4)",Rick Riordan,4.41,https://www.goodreads.com/book/show/2120932.The_Battle_of_the_Labyrinth,https://www.goodreads.com/book/2120932.The_Battle_of_the_Labyrinth/get_a_copy,https://www.goodreads.com/book_link/follow/1?book_id=2120932&source=compareprices
162,How the Grinch Stole Christmas!,Dr. Seuss,4.37,https://www.goodreads.com/book/show/113946.How_the_Grinch_Stole_Christmas_,https://www.goodreads.com/book/113946.How_the_Grinch_Stole_Christmas_/get_a_copy,https://www.goodreads.com/book_link/follow/1?book_id=113946&source=compareprices
163,"The Ultimate Hitchhiker's Guide to the Galaxy (Hitchhiker's Guide to the Galaxy, #1-5)",Douglas Adams,4.38,https://www.goodreads.com/book/show/13.The_Ultimate_Hitchhiker_s_Guide_to_the_Galaxy,https://www.goodreads.com/book/13.The_Ultimate_Hitchhiker_s_Guide_to_the_Galaxy/get_a_copy,https://www.goodreads.com/book_link/follow/1?book_id=13&source=compareprices
164,The Importance of Being Earnest,Oscar Wilde,4.18,https://www.goodreads.com/book/show/92303.The_Importance_of_Being_Earnest,https://www.goodreads.com/book/92303.The_Importance_of_Being_Earnest/get_a_copy,https://www.goodreads.com/book_link/follow/1?book_id=92303&source=compareprices
165,Their Eyes Were Watching God,Zora Neale Hurston,3.97,https://www.goodreads.com/book/show/37415.Their_Eyes_Were_Watching_God,https://www.goodreads.com/book/37415.Their_Eyes_Were_Watching_God/get_a_copy,https://www.goodreads.com/book_link/follow/1?book_id=37415&source=compareprices
166,"Eat, Pray, Love",Elizabeth Gilbert,3.61,https://www.goodreads.com/book/show/19501.Eat_Pray_Love,https://www.goodreads.com/book/19501.Eat_Pray_Love/get_a_copy,https://www.goodreads.com/book_link/follow/1?book_id=19501&source=compareprices
167,"Clockwork Princess (The Infernal Devices, #3)",Cassandra Clare,4.56,https://www.goodreads.com/book/show/18335634-clockwork-princess,https://www.goodreads.com/book/18335634-clockwork-princess/get_a_copy,https://www.goodreads.com/book_link/follow/1?book_id=18335634&source=compareprices
168,"The Wonderful Wizard of Oz (Oz, #1)",L. Frank Baum,3.99,https://www.goodreads.com/book/show/236093.The_Wonderful_Wizard_of_Oz,https://www.goodreads.com/book/236093.The_Wonderful_Wizard_of_Oz/get_a_copy,https://www.goodreads.com/book_link/follow/1?book_id=236093&source=compareprices
169,"The Titan's Curse (Percy Jackson and the Olympians, #3)",Rick Riordan,4.36,https://www.goodreads.com/book/show/561456.The_Titan_s_Curse,https://www.goodreads.com/book/561456.The_Titan_s_Curse/get_a_copy,https://www.goodreads.com/book_link/follow/1?book_id=561456&source=compareprices
170,Atonement,Ian McEwan,3.93,https://www.goodreads.com/book/show/6867.Atonement,https://www.goodreads.com/book/6867.Atonement/get_a_copy,https://www.goodreads.com/book_link/follow/1?book_id=6867&source=compareprices
171,"The Three Musketeers (The D'Artagnan Romances, #1)",Alexandre Dumas,4.09,https://www.goodreads.com/book/show/7190.The_Three_Musketeers,https://www.goodreads.com/book/7190.The_Three_Musketeers/get_a_copy,https://www.goodreads.com/book_link/follow/1?book_id=7190&source=compareprices
172,"The Sea of Monsters (Percy Jackson and the Olympians, #2)",Rick Riordan,4.24,https://www.goodreads.com/book/show/28186.The_Sea_of_Monsters,https://www.goodreads.com/book/28186.The_Sea_of_Monsters/get_a_copy,https://www.goodreads.com/book_link/follow/1?book_id=28186&source=compareprices
173,The Lorax,Dr. Seuss,4.34,https://www.goodreads.com/book/show/7784.The_Lorax,https://www.goodreads.com/book/7784.The_Lorax/get_a_copy,https://www.goodreads.com/book_link/follow/1?book_id=7784&source=compareprices
174,Goodnight Moon,Margaret Wise Brown,4.3,https://www.goodreads.com/book/show/32929.Goodnight_Moon,https://www.goodreads.com/book/32929.Goodnight_Moon/get_a_copy,https://www.goodreads.com/book_link/follow/1?book_id=32929&source=compareprices
175,"Frostbite (Vampire Academy, #2)",Richelle Mead,4.26,https://www.goodreads.com/book/show/2282133.Frostbite,https://www.goodreads.com/book/2282133.Frostbite/get_a_copy,https://www.goodreads.com/book_link/follow/1?book_id=2282133&source=compareprices
176,A Midsummer Night's Dream,William Shakespeare,3.95,https://www.goodreads.com/book/show/1622.A_Midsummer_Night_s_Dream,https://www.goodreads.com/book/1622.A_Midsummer_Night_s_Dream/get_a_copy,https://www.goodreads.com/book_link/follow/1?book_id=1622&source=compareprices
177,Tess of the D’Urbervilles,Thomas Hardy,3.82,https://www.goodreads.com/book/show/32261.Tess_of_the_D_Urbervilles,https://www.goodreads.com/book/32261.Tess_of_the_D_Urbervilles/get_a_copy,https://www.goodreads.com/book_link/follow/1?book_id=32261&source=compareprices
178,"The Maze Runner (The Maze Runner, #1)",James Dashner,4.04,https://www.goodreads.com/book/show/6186357-the-maze-runner,https://www.goodreads.com/book/6186357-the-maze-runner/get_a_copy,https://www.goodreads.com/book_link/follow/1?book_id=6186357&source=compareprices
179,Heart of Darkness,Joseph Conrad,3.43,https://www.goodreads.com/book/show/4900.Heart_of_Darkness,https://www.goodreads.com/book/4900.Heart_of_Darkness/get_a_copy,https://www.goodreads.com/book_link/follow/1?book_id=4900&source=compareprices
180,"Blood Promise (Vampire Academy, #4)",Richelle Mead,4.31,https://www.goodreads.com/book/show/5996153-blood-promise,https://www.goodreads.com/book/5996153-blood-promise/get_a_copy,https://www.goodreads.com/book_link/follow/1?book_id=5996153&source=compareprices
181,The Prophet,Kahlil Gibran,4.23,https://www.goodreads.com/book/show/2547.The_Prophet,https://www.goodreads.com/book/2547.The_Prophet/get_a_copy,https://www.goodreads.com/book_link/follow/1?book_id=2547&source=compareprices
182,"The Hunger Games Trilogy Boxset (The Hunger Games, #1-3)",Suzanne Collins,4.49,https://www.goodreads.com/book/show/7938275-the-hunger-games-trilogy-boxset,https://www.goodreads.com/book/7938275-the-hunger-games-trilogy-boxset/get_a_copy,https://www.goodreads.com/book_link/follow/1?book_id=7938275&source=compareprices
183,"The Good Earth (House of Earth, #1)",Pearl S. Buck,4.0,https://www.goodreads.com/book/show/1078.The_Good_Earth,https://www.goodreads.com/book/1078.The_Good_Earth/get_a_copy,https://www.goodreads.com/book_link/follow/1?book_id=1078&source=compareprices
184,Bridge to Terabithia,Katherine Paterson,4.03,https://www.goodreads.com/book/show/40940121-bridge-to-terabithia,https://www.goodreads.com/book/40940121-bridge-to-terabithia/get_a_copy,https://www.goodreads.com/book_link/follow/1?book_id=40940121&source=compareprices
185,The Haunting of Hill House,Shirley Jackson,3.83,https://www.goodreads.com/book/show/89717.The_Haunting_of_Hill_House,https://www.goodreads.com/book/89717.The_Haunting_of_Hill_House/get_a_copy,https://www.goodreads.com/book_link/follow/1?book_id=89717&source=compareprices
186,The Call of the Wild,Jack London,3.89,https://www.goodreads.com/book/show/1852.The_Call_of_the_Wild,https://www.goodreads.com/book/1852.The_Call_of_the_Wild/get_a_copy,https://www.goodreads.com/book_link/follow/1?book_id=1852&source=compareprices
187,Alice in Wonderland,Jane Carruth,4.03,https://www.goodreads.com/book/show/13023.Alice_in_Wonderland,https://www.goodreads.com/book/13023.Alice_in_Wonderland/get_a_copy,https://www.goodreads.com/book_link/follow/1?book_id=13023&source=compareprices
188,"Six of Crows (Six of Crows, #1)",Leigh Bardugo,4.49,https://www.goodreads.com/book/show/23437156-six-of-crows,https://www.goodreads.com/book/23437156-six-of-crows/get_a_copy,https://www.goodreads.com/book_link/follow/1?book_id=23437156&source=compareprices
189,The Joy Luck Club,Amy Tan,3.95,https://www.goodreads.com/book/show/7763.The_Joy_Luck_Club,https://www.goodreads.com/book/7763.The_Joy_Luck_Club/get_a_copy,https://www.goodreads.com/book_link/follow/1?book_id=7763&source=compareprices
190,"The Mists of Avalon (Avalon, #1)",Marion Zimmer Bradley,4.13,https://www.goodreads.com/book/show/40605251-the-mists-of-avalon,https://www.goodreads.com/book/40605251-the-mists-of-avalon/get_a_copy,https://www.goodreads.com/book_link/follow/1?book_id=40605251&source=compareprices
191,The Phantom Tollbooth,Norton Juster,4.19,https://www.goodreads.com/book/show/378.The_Phantom_Tollbooth,https://www.goodreads.com/book/378.The_Phantom_Tollbooth/get_a_copy,https://www.goodreads.com/book_link/follow/1?book_id=378&source=compareprices
192,Madame Bovary,Gustave Flaubert,3.7,https://www.goodreads.com/book/show/2175.Madame_Bovary,https://www.goodreads.com/book/2175.Madame_Bovary/get_a_copy,https://www.goodreads.com/book_link/follow/1?book_id=2175&source=compareprices
193,"Murder on the Orient Express (Hercule Poirot, #9)",Agatha Christie,4.2,https://www.goodreads.com/book/show/853510.Murder_on_the_Orient_Express,https://www.goodreads.com/book/853510.Murder_on_the_Orient_Express/get_a_copy,https://www.goodreads.com/book_link/follow/1?book_id=853510&source=compareprices
194,"Catching Fire (The Hunger Games, #2)",Suzanne Collins,4.31,https://www.goodreads.com/book/show/6148028-catching-fire,https://www.goodreads.com/book/6148028-catching-fire/get_a_copy,https://www.goodreads.com/book_link/follow/1?book_id=6148028&source=compareprices
195,"Oh, the Places You'll Go!",Dr. Seuss,4.36,https://www.goodreads.com/book/show/191139.Oh_the_Places_You_ll_Go_,https://www.goodreads.com/book/191139.Oh_the_Places_You_ll_Go_/get_a_copy,https://www.goodreads.com/book_link/follow/1?book_id=191139&source=compareprices
196,"Throne of Glass (Throne of Glass, #1)",Sarah J. Maas,4.19,https://www.goodreads.com/book/show/7896527-throne-of-glass,https://www.goodreads.com/book/7896527-throne-of-glass/get_a_copy,https://www.goodreads.com/book_link/follow/1?book_id=7896527&source=compareprices
197,Jonathan Livingston Seagull,Richard Bach,3.85,https://www.goodreads.com/book/show/71728.Jonathan_Livingston_Seagull,https://www.goodreads.com/book/71728.Jonathan_Livingston_Seagull/get_a_copy,https://www.goodreads.com/book_link/follow/1?book_id=71728&source=compareprices
198,Oliver Twist,Charles Dickens,3.88,https://www.goodreads.com/book/show/18254.Oliver_Twist,https://www.goodreads.com/book/18254.Oliver_Twist/get_a_copy,https://www.goodreads.com/book_link/follow/1?book_id=18254&source=compareprices
199,Treasure Island,Robert Louis Stevenson,3.84,https://www.goodreads.com/book/show/295.Treasure_Island,https://www.goodreads.com/book/295.Treasure_Island/get_a_copy,https://www.goodreads.com/book_link/follow/1?book_id=295&source=compareprices
200,The Neverending Story,Michael Ende,4.18,https://www.goodreads.com/book/show/27712.The_Neverending_Story,https://www.goodreads.com/book/27712.The_Neverending_Story/get_a_copy,https://www.goodreads.com/book_link/follow/1?book_id=27712&source=compareprices
